Name,Review URL,District,District ID,Review Count,Bookmark Count
b'Gram cafe & pancakes',/en/hongkong/r-gram-cafe-pancakes-tsim-sha-tsui-japanese-dessert-r561189/reviews,Tsim Sha Tsui,2008,1741,29107
b'Poach \xe8\x9f\xb2\xe4\xba\x8c',/en/hongkong/r-poach-mong-kok-western-cake-r657974/reviews,Mong Kok,2010,941,48969
b'Boholic',/en/hongkong/r-boholic-cheung-sha-wan-international-dessert-r670110/reviews,Cheung Sha Wan,2013,1474,50170
b'Lady Nara',/en/hongkong/r-lady-nara-tsim-sha-tsui-western-r688973/reviews,Tsim Sha Tsui,2008,1006,33227
"b""The Captain's House""",/en/hongkong/r-the-captains-house-tsim-sha-tsui-western-seafood-r177602/reviews,Tsim Sha Tsui,2008,1869,71744
b'Sun Moon Church \xe6\x97\xa5\xe6\x9c\x88\xe5\xa0\x82',/en/hongkong/r-sun-moon-church-kwun-tong-taiwan-taiwanese-drink-r682226/reviews,Kwun Tong,2026,834,25876
b'Milu Thai \xe0\xb8\xa1\xe0\xb8\xb4\xe0\xb8\xa5\xe0\xb8\xb9\xe0\xb9\x88\xe0\xb9\x84\xe0\xb8\x97\xe0\xb8\xa2 (Yiu Wa Street)',/en/hongkong/r-milu-thai-%E0%B8%A1%E0%B8%B4%E0%B8%A5%E0%B8%B9%E0%B9%88%E0%B9%84%E0%B8%97%E0%B8%A2-causeway-bay-thai-seafood-r588815/reviews,Causeway Bay,1019,1388,56247
b'Tearapy \xe8\x8c\xb6\xe8\x81\x8a',/en/hongkong/r-tearapy-mong-kok-international-hamburger-r558545/reviews,Mong Kok,2010,1699,84035
b'INN - I\xe2\x80\x99m Not Nothing (Yue Man Square)',/en/hongkong/r-inn-i-m-not-nothing-kwun-tong-international-dessert-r705247/reviews,Kwun Tong,2026,926,27530
b'Cobber Coffee and Tonys Pastry',/en/hongkong/r-cobber-coffee-and-tonys-pastry-kwun-tong-western-dessert-r663061/reviews,Kwun Tong,2026,810,77830
b'OMG Mamaday Mamaday',/en/hongkong/r-omg-mamaday-tsim-sha-tsui-international-pizza-r648068/reviews,Tsim Sha Tsui,2008,1352,60477
b'Outdark (H8)',/en/hongkong/r-outdark-tsim-sha-tsui-korean-korean-fried-chicken-r438899/reviews,Tsim Sha Tsui,2008,1195,75200
b'Yadllie Plate \xec\x95\xbc\xeb\x93\xa4\xeb\xa6\xac\xec\x95\xa0\xed\x94\x8c\xeb\x9e\x98\xec\x9d\xb4\xed\x8a\xb8 (CTMA Centre)',/en/hongkong/r-yadllie-plate-mong-kok-korean-korean-fried-chicken-r499690/reviews,Mong Kok,2010,1911,138753
b'Towada Sushi \xe5\x8d\x81\xe5\x92\x8c\xe7\x94\xb0\xe7\xb8\xbd\xe6\x9c\xac\xe5\xba\x97',/en/hongkong/r-towada-sushi-tsim-sha-tsui-japanese-sushi-sashimi-r535762/reviews,Tsim Sha Tsui,2008,1563,51880
b'Doctor Beans \xe5\x93\x88\xe8\xb1\x86',/en/hongkong/r-doctor-beans-kwun-tong-taiwan-taiwanese-drink-r563292/reviews,Kwun Tong,2026,1338,32821
b'Nara Thai Cuisine (Gateway Arcade)',/en/hongkong/r-nara-thai-cuisine-tsim-sha-tsui-thai-r690836/reviews,Tsim Sha Tsui,2008,811,16356
"b""JUST'er Bar & Restaurant""",/en/hongkong/r-juster-bar-restaurant-tsim-sha-tsui-western-seafood-r621040/reviews,Tsim Sha Tsui,2008,1530,30356
b'Outdark (Fee Tat Commercial Centre)',/en/hongkong/r-outdark-mong-kok-korean-r457435/reviews,Mong Kok,2010,1532,81652
b'KOKON2 (Kwun Tong Industrial Centre) \xe5\x8f\xa4\xe4\xbb\x8a\xe4\xba\x8c (Kwun Tong Industrial Centre)',/en/hongkong/r-kokon2-kwun-tong-japanese-sushi-sashimi-r435220/reviews,Kwun Tong,2026,1233,41205
b'Amitie Kitchen',/en/hongkong/r-amitie-kitchen-tsim-sha-tsui-french-r636748/reviews,Tsim Sha Tsui,2008,1256,47679
b'The Grill Room (The Humphreys)',/en/hongkong/r-the-grill-room-tsim-sha-tsui-western-r548293/reviews,Tsim Sha Tsui,2008,1638,94825
b'FAB Kitchen',/en/hongkong/r-fab-kitchen-lai-chi-kok-western-r632366/reviews,Lai Chi Kok,2016,823,23855
b'Yuki House Ramen \xe5\xb9\xb8\xe5\xb1\x8b',/en/hongkong/r-yuki-house-ramen-wan-chai-japanese-ramen-r530978/reviews,Wan Chai,1022,948,24142
b'Flames (The Quayside)',/en/hongkong/r-flames-kwun-tong-international-r649544/reviews,Kwun Tong,2026,934,34905
"b""L'AMOUR""",/en/hongkong/r-lamour-tai-wo-french-fine-dining-r688663/reviews,Tai Wo,3014,1080,25776
b'Easy Joe \xe4\xba\x8c\xe4\xb8\x96\xe7\xa5\x96',/en/hongkong/r-easy-joe-tai-kok-tsui-western-all-day-breakfast-r631284/reviews,Tai Kok Tsui,2005,840,35205
b'MOO MOO',/en/hongkong/r-moo-moo-kwun-tong-western-meatless-menu-r576967/reviews,Kwun Tong,2026,1084,21682
b'Caf\xc3\xa9 Cr\xc3\xaape (K11 Art Mall)',/en/hongkong/r-cafe-crepe-tsim-sha-tsui-international-pizza-r677125/reviews,Tsim Sha Tsui,2008,648,12401
b'Kokon \xe5\x8f\xa4\xe4\xbb\x8a',/en/hongkong/r-kokon-causeway-bay-japanese-ramen-r566001/reviews,Causeway Bay,1019,1244,32258
b'Yakiniku More \xe7\x89\x9b\xe9\xad\x94',/en/hongkong/r-yakiniku-more-tsim-sha-tsui-japanese-bbq-r607137/reviews,Tsim Sha Tsui,2008,1231,46024
b'Vision 8',/en/hongkong/r-vision-8-tsuen-wan-italian-r190869/reviews,Tsuen Wan,3018,1159,26308
b'Anping Grill \xe5\xae\x89\xe5\xb9\xb3\xe7\x87\x92\xe8\x82\x89',/en/hongkong/r-anping-grill-mong-kok-taiwan-roast-meat-r679608/reviews,Mong Kok,2010,882,56516
b'Shinko \xe7\x94\xb3\xe5\xad\x90\xe5\xb1\x85\xe9\x85\x92\xe5\xb1\x8b',/en/hongkong/r-shinko-mong-kok-japanese-wine-r611534/reviews,Mong Kok,2010,1160,58433
b'Apinara',/en/hongkong/r-apinara-admiralty-thai-curry-r509086/reviews,Admiralty,1011,806,23535
b'OPPA Coffee Bar Restaurant',/en/hongkong/r-oppa-coffee-bar-restaurant-tsim-sha-tsui-korean-r437337/reviews,Tsim Sha Tsui,2008,1872,57047
b'Some Day Or One Day Cafe \xe8\xb5\xb0\xe9\x81\x8e\xe5\x8d\x81\xe8\x90\xac\xe5\x85\xab\xe5\x8d\x83\xe9\x87\x8c\xe6\x89\xbe\xe5\x88\xb0\xe4\xbd\xa0',/en/hongkong/r-some-day-or-one-day-cafe-mong-kok-western-r667972/reviews,Mong Kok,2010,844,39672
b'Susan chicken rice \xe8\x98\x87\xe5\xb1\xb1\xe9\x9b\x9e\xe9\xa3\xaf',/en/hongkong/r-susan-chicken-rice-cheung-sha-wan-malaysian-r697064/reviews,Cheung Sha Wan,2013,733,22297
b'hoo \xed\x8f\xac\xec\xb0\xa8 hoo\xe9\x9f\x93\xe5\x9c\x8b\xe5\x8c\x85\xe8\xbb\x8a',/en/hongkong/r-hoo-tsim-sha-tsui-korean-korean-fried-chicken-r696332/reviews,Tsim Sha Tsui,2008,850,36380
b'Shoken \xe5\x88\x9d\xe8\xa6\x8b',/en/hongkong/r-shoken-tsuen-wan-japanese-hot-pot-r554516/reviews,Tsuen Wan,3018,1085,35984
b'Hanook Korean Restaurant \xe9\x9f\x93\xe5\xb1\x8b',/en/hongkong/r-hanook-korean-restaurant-tsim-sha-tsui-korean-r620837/reviews,Tsim Sha Tsui,2008,1144,50579
b'J.moon',/en/hongkong/r-j-moon-mong-kok-international-wine-r697479/reviews,Mong Kok,2010,916,51827
b'One Point Zero One \xe5\xa3\xb9.01',/en/hongkong/r-one-point-zero-one-kwun-tong-hong-kong-style-taiwanese-drink-r713120/reviews,Kwun Tong,2026,1024,25739
b'MEMOIR',/en/hongkong/r-memoir-causeway-bay-western-seafood-r725033/reviews,Causeway Bay,1019,756,19677
b'Isono Suisan \xe7\xa3\xaf\xe9\x87\x8e\xe6\xb0\xb4\xe7\x94\xa2',/en/hongkong/r-isono-suisan-causeway-bay-japanese-seafood-r532123/reviews,Causeway Bay,1019,1168,34372
b'Chicken HOF & SOJU (Hillwood Road) \xe6\x9d\x8e\xe5\xae\xb6 (Hillwood Road)',/en/hongkong/r-chicken-hof-soju-tsim-sha-tsui-korean-korean-fried-chicken-r683858/reviews,Tsim Sha Tsui,2008,735,36152
b'Kikanbo \xe9\xac\xbc\xe9\x87\x91\xe6\xa3\x92',/en/hongkong/r-kikanbo-tsim-sha-tsui-japanese-ramen-r654314/reviews,Tsim Sha Tsui,2008,878,21769
b'Sky726',/en/hongkong/r-sky726-mong-kok-western-fine-dining-r449547/reviews,Mong Kok,2010,1416,95009
b'KOKON2 (The ONE) \xe5\x8f\xa4\xe4\xbb\x8a\xe4\xba\x8c (The ONE)',/en/hongkong/r-kokon2-tsim-sha-tsui-japanese-sushi-sashimi-r737699/reviews,Tsim Sha Tsui,2008,750,14377
b'LAB EAT Restaurant & Bar (Kimberley Road)',/en/hongkong/r-lab-eat-restaurant-bar-tsim-sha-tsui-western-seafood-r452499/reviews,Tsim Sha Tsui,2008,1336,106257
b'SABROSA',/en/hongkong/r-sabrosa-causeway-bay-spanish-r733182/reviews,Causeway Bay,1019,627,26464
b'Non Kitchen',/en/hongkong/r-non-kitchen-kwun-tong-western-r504800/reviews,Kwun Tong,2026,1172,30900
b'Kikanbo \xe9\xac\xbc\xe9\x87\x91\xe6\xa3\x92',/en/hongkong/r-kikanbo-causeway-bay-japanese-ramen-r640227/reviews,Causeway Bay,1019,795,17663
b'Nan Ei Sui San \xe5\x8d\x97\xe7\x80\x9b\xe6\xb0\xb4\xe7\x94\xa2',/en/hongkong/r-nan-ei-sui-san-tsim-sha-tsui-japanese-seafood-r592301/reviews,Tsim Sha Tsui,2008,1130,50532
b'homemadecafe \xe9\x83\xa8\xe5\xb1\x8b\xe5\x92\x96\xe5\x95\xa1\xe5\xae\xa4',/en/hongkong/r-homemadecafe-mong-kok-western-r38085/reviews,Mong Kok,2010,1183,33667
b'Little Fish (Kam Ma Building) \xe5\xb0\x8f\xe9\xad\x9a\xe5\x85\x92 (Kam Ma Building)',/en/hongkong/r-little-fish-tsim-sha-tsui-jingchuanhu-chicken-hot-pot-r625580/reviews,Tsim Sha Tsui,2008,892,43997
b'Seoulmate (MONTEREY Place)',/en/hongkong/r-seoulmate-tseung-kwan-o-korean-korean-fried-chicken-r693639/reviews,Tseung Kwan O,3020,837,16254
b'Peko Peko Eatery (OP Mall)',/en/hongkong/r-peko-peko-eatery-tsuen-wan-western-r677983/reviews,Tsuen Wan,3018,767,48869
b'GRIND SIZE',/en/hongkong/r-grind-size-mong-kok-western-all-day-breakfast-r708916/reviews,Mong Kok,2010,618,25635
b'Ann Mamma Thai kitchen by \xe5\xbc\xb5\xe7\xa7\x80\xe7\x8e\xb2',/en/hongkong/r-ann-mamma-thai-kitchen-by-%E5%BC%B5%E7%A7%80%E7%8E%B2-tsuen-wan-thai-curry-r636186/reviews,Tsuen Wan,3018,791,36601
b'Mano (The Quayside)',/en/hongkong/r-mano-kwun-tong-western-r729190/reviews,Kwun Tong,2026,653,19734
b'Ho Lan Jeng \xe4\xbd\x95\xe8\x98\xad\xe6\xad\xa3',/en/hongkong/r-ho-lan-jeng-central-international-wine-r702398/reviews,Central,1003,577,25860
b'Espresso Alchemy',/en/hongkong/r-espresso-alchemy-tsim-sha-tsui-western-salad-r689246/reviews,Tsim Sha Tsui,2008,741,13152
b'Plato Cafe & Bistro (Woosung Street)',/en/hongkong/r-plato-cafe-bistro-jordan-western-all-day-breakfast-r581575/reviews,Jordan,2028,1348,59577
b'Sun Thai Restaurant \xe6\x96\xb0\xe6\xb3\xb0\xe6\x9d\xb1\xe5\x8d\x97\xe4\xba\x9e\xe9\xa4\x90\xe5\xbb\xb3',/en/hongkong/r-sun-thai-restaurant-tsim-sha-tsui-thai-curry-r578252/reviews,Tsim Sha Tsui,2008,1033,32287
b'Pyeong Chang \xe5\xb9\xb3\xe6\x98\x8c',/en/hongkong/r-pyeong-chang-mong-kok-korean-korean-bbq-r522954/reviews,Mong Kok,2010,1019,93437
b'ASOK THAI GARDEN',/en/hongkong/r-asok-thai-garden-tsim-sha-tsui-western-curry-r741211/reviews,Tsim Sha Tsui,2008,721,47126
b'Flagship',/en/hongkong/r-flagship-wan-chai-western-r671518/reviews,Wan Chai,1022,585,18917
b'The Pearl',/en/hongkong/r-the-pearl-tsim-sha-tsui-international-all-day-breakfast-r686455/reviews,Tsim Sha Tsui,2008,722,26871
b'The Wall Street Bar & Lounge',/en/hongkong/r-the-wall-street-bar-lounge-tsim-sha-tsui-international-wine-r663210/reviews,Tsim Sha Tsui,2008,628,13379
b'Lucky Ristorante',/en/hongkong/r-lucky-ristorante-mong-kok-western-pizza-r656242/reviews,Mong Kok,2010,746,23600
b'AHAN THAI \xe9\x98\xbf\xe9\x96\x92\xe6\xb3\xb0',/en/hongkong/r-ahan-thai-tsim-sha-tsui-western-r641766/reviews,Tsim Sha Tsui,2008,965,31443
b'Flame Japanese Cuisine \xe7\x84\xb1\xe4\xb8\xb8\xe6\xb0\xb4\xe7\x94\xa2',/en/hongkong/r-flame-japanese-cuisine-tsim-sha-tsui-japanese-seafood-r348654/reviews,Tsim Sha Tsui,2008,1570,67270
b'Yakiniku Shin \xe7\x87\x92\xe8\x82\x89\xe8\x87\xbb',/en/hongkong/r-yakiniku-shin-tsim-sha-tsui-japanese-bbq-r673917/reviews,Tsim Sha Tsui,2008,618,28326
b'\xe4\xba\x91\xe6\x89\x8b\xe5\xb7\xa5\xe7\x81\xab\xe9\x8d\x8b\xe5\xba\x97',/en/hongkong/r-%E4%BA%91%E6%89%8B%E5%B7%A5%E7%81%AB%E9%8D%8B%E5%BA%97-tsim-sha-tsui-guangdong-hot-pot-r717009/reviews,Tsim Sha Tsui,2008,665,9078
b'HIKARI',/en/hongkong/r-hikari-tsuen-wan-western-cake-r717193/reviews,Tsuen Wan,3018,873,29145
b'Espresso Alchemy',/en/hongkong/r-espresso-alchemy-tsim-sha-tsui-western-all-day-breakfast-r565565/reviews,Tsim Sha Tsui,2008,1208,19868
b'Hotspot \xe7\x81\xab\xe9\x8d\x8b\xe9\x9a\xa8\xe6\x84\x8f\xe9\x96\x80',/en/hongkong/r-hotspot-causeway-bay-international-hot-pot-r672418/reviews,Causeway Bay,1019,641,20599
b'8Five2 Restobar',/en/hongkong/r-8five2-restobar-tsim-sha-tsui-mexican-r648833/reviews,Tsim Sha Tsui,2008,867,39385
b'Beef Station \xe7\x89\x9b\xe7\xab\x99(\xe9\xa7\x85)\xe9\xba\xbb\xe8\xbe\xa3\xe7\x81\xab\xe9\x8d\x8b\xe6\x94\xbe\xe9\xa1\x8c',/en/hongkong/r-beef-station-tsim-sha-tsui-taiwan-hot-pot-r740026/reviews,Tsim Sha Tsui,2008,748,21209
b'The Cheesecake Factory \xe8\x8a\x9d\xe6\xa8\x82\xe5\x9d\x8a\xe9\xa4\x90\xe5\xbb\xb3',/en/hongkong/r-the-cheesecake-factory-tsim-sha-tsui-american-all-day-breakfast-r523793/reviews,Tsim Sha Tsui,2008,1448,76282
b'WM Caf\xc3\xa9 & Bar (OP Mall)',/en/hongkong/r-wm-cafe-bar-tsuen-wan-western-all-day-breakfast-r674521/reviews,Tsuen Wan,3018,644,11058
b'Asa \xe6\x9c\x9d',/en/hongkong/r-asa-prince-edward-japanese-sushi-sashimi-r701312/reviews,Prince Edward,2029,620,18437
b'Shinko \xe7\x94\xb3\xe5\xad\x90\xe5\xb1\x85\xe9\x85\x92\xe5\xb1\x8b',/en/hongkong/r-shinko-causeway-bay-japanese-wine-r714442/reviews,Causeway Bay,1019,615,30836
b'Black Wood Izakaya (Cameron Road) \xe9\xbb\x91\xe6\x9c\xa8\xe4\xba\xad\xe5\xb1\x85\xe9\x85\x92\xe5\xb1\x8b (Cameron Road)',/en/hongkong/r-black-wood-izakaya-tsim-sha-tsui-japanese-robatayaki-r726262/reviews,Tsim Sha Tsui,2008,863,37837
b'Crazy Noodles (Kai Tak Commercial Building) \xe7\x98\x8b\xe7\x8b\x82\xe5\xb0\x8f\xe9\x9d\xa2 (Kai Tak Commercial Building)',/en/hongkong/r-crazy-noodles-central-sichuan-noodles-rice-noodles-r536184/reviews,Central,1003,976,34491
b'Wall Is Eat \xe6\x85\xa2\xe7\x90\x86\xe7\x89\x86\xe5\x9f\x8e',/en/hongkong/r-wall-is-eat-yau-ma-tei-western-dessert-r575076/reviews,Yau Ma Tei,2011,1123,80700
"b'SuperNormal (Phase 2, Amoy Plaza)'",/en/hongkong/r-supernormal-kowloon-bay-international-wine-r624043/reviews,Kowloon Bay,2003,845,18286
b'A.T.A.S',/en/hongkong/r-a-t-a-s-causeway-bay-singaporean-r710520/reviews,Causeway Bay,1019,823,33703
b'Cuisine Culture',/en/hongkong/r-cuisine-culture-central-western-r527989/reviews,Central,1003,679,22810
b'Seorae \xe5\x96\x9c\xe4\xbe\x86\xe7\xa8\x80\xe8\x82\x89',/en/hongkong/r-seorae-causeway-bay-korean-korean-bbq-r487837/reviews,Causeway Bay,1019,799,31964
b'Boat Boat Steam \xe8\x88\xb9\xe6\xb8\xa6',/en/hongkong/r-boat-boat-steam-causeway-bay-hong-kong-style-hot-pot-r606645/reviews,Causeway Bay,1019,759,33672
b'Gekiyasu Yakiniku \xe9\xa9\x9a\xe5\xae\x89\xe7\x87\x92\xe8\x82\x89\xe5\x95\x86\xe5\xba\x97',/en/hongkong/r-gekiyasu-yakiniku-tsim-sha-tsui-japanese-wine-r691566/reviews,Tsim Sha Tsui,2008,466,45231
b'INN - I\xe2\x80\x99m Not Nothing',/en/hongkong/r-inn-i-m-not-nothing-lai-chi-kok-international-dessert-r703312/reviews,Lai Chi Kok,2016,730,25159
b'Champak Restaurant by ATUM (THE FOREST) \xe9\x9d\x92\xe8\x8a\xb1 (THE FOREST)',/en/hongkong/r-champak-restaurant-by-atum-mong-kok-thai-curry-r541080/reviews,Mong Kok,2010,1419,76942
b'Burgeroom (Mira Place 1)',/en/hongkong/r-burgeroom-tsim-sha-tsui-american-hamburger-r495254/reviews,Tsim Sha Tsui,2008,1538,52170
b'Be Leaf',/en/hongkong/r-be-leaf-kwun-tong-international-dessert-r719455/reviews,Kwun Tong,2026,1112,40947
b'Station 3 Cafe \xe7\xac\xac\xe4\xb8\x89\xe7\xab\x99',/en/hongkong/r-station-3-cafe-mong-kok-western-r494380/reviews,Mong Kok,2010,1457,65445
b'URBAN Cafe (Camel Paint Building Block 1)',/en/hongkong/r-urban-cafe-kwun-tong-international-dessert-r670898/reviews,Kwun Tong,2026,1095,29050
b'Dim Sum Here Mix Seafood \xe9\xbb\x9e\xe5\xbf\x83\xe5\x88\xb0 MIX\xc2\xb7\xe5\xa4\xa7\xe6\x8e\x92\xe6\xaa\x94',/en/hongkong/r-dim-sum-here-mix-seafood-mong-kok-hong-kong-style-dim-sum-r699505/reviews,Mong Kok,2010,650,17513
b'Siam Noodles (Lock Road) \xe6\xb3\xb0\xe6\xbf\x83\xe9\xba\xb5 (Lock Road)',/en/hongkong/r-siam-noodles-tsim-sha-tsui-thai-r582531/reviews,Tsim Sha Tsui,2008,768,22900
b'My Ahjussi',/en/hongkong/r-my-ahjussi-tai-kok-tsui-korean-korean-fried-chicken-r674430/reviews,Tai Kok Tsui,2005,564,18032
b'LAB EAT Restaurant & Bar (T.O.P This is Our Place)',/en/hongkong/r-lab-eat-restaurant-bar-mong-kok-western-seafood-r572152/reviews,Mong Kok,2010,1169,72345
b'CHECK IN TAIPEI (Gateway Arcade) \xe8\x87\xba\xe5\x8c\x97\xe6\xa3\xa7 (Gateway Arcade)',/en/hongkong/r-check-in-taipei-tsim-sha-tsui-taiwan-taiwanese-drink-r739928/reviews,Tsim Sha Tsui,2008,562,22521
b'Hong Kong Wing Nin \xe9\xa6\x99\xe6\xb8\xaf\xe6\xb0\xb8\xe5\xb9\xb4\xe8\xbb\x8a\xe4\xbb\x94\xe9\xba\xb5\xe8\x8c\xb6\xe5\x86\xb0\xe5\xbb\xb3',/en/hongkong/r-hong-kong-wing-nin-sha-tin-hong-kong-style-food-stall-noodles-r649031/reviews,Sha Tin,3007,1010,17547
b'Evvoke \xe6\x86\xb6\xe9\xa3\x9f\xe5\xb0\x9a\xe8\x87\x98\xe5\x91\xb3\xe7\x85\xb2\xe4\xbb\x94\xe9\xa3\xaf',/en/hongkong/r-evvoke-jordan-hong-kong-style-r553455/reviews,Jordan,2028,621,15111
b'ULURU',/en/hongkong/r-uluru-wan-chai-western-r617006/reviews,Wan Chai,1022,1190,38695
b'Undici',/en/hongkong/r-undici-causeway-bay-western-r725700/reviews,Causeway Bay,1019,428,15901
b'G One Sushi Japanese Restaurant (Hau Fook Street) \xe9\xae\xa8\xe4\xb8\x80 (Hau Fook Street)',/en/hongkong/r-g-one-sushi-japanese-restaurant-tsim-sha-tsui-japanese-udon-r527805/reviews,Tsim Sha Tsui,2008,1221,63645
b'Hak Po Alley (Elite Industrial Centre) \xe9\xbb\x91\xe5\xb8\x83\xe5\xb0\x8f\xe5\xb7\xb7 (Elite Industrial Centre)',/en/hongkong/r-hak-po-alley-lai-chi-kok-hong-kong-style-dessert-r719007/reviews,Lai Chi Kok,2016,613,23072
b'E FOR EGG',/en/hongkong/r-e-for-egg-tai-wai-japanese-r706079/reviews,Tai Wai,3012,541,33035
b'Potluck Eatery',/en/hongkong/r-potluck-eatery-tsim-sha-tsui-western-pizza-r706058/reviews,Tsim Sha Tsui,2008,880,48242
b'Flames (The Whampoa)',/en/hongkong/r-flames-hung-hom-international-all-day-breakfast-r710555/reviews,Hung Hom,2015,590,29284
b'Grandmama Cafe \xe5\xa9\x86\xe5\xa9\x86\xe7\x8f\x88\xe7\x90\xb2\xe5\xb1\x8b',/en/hongkong/r-grandmama-cafe-tsim-sha-tsui-western-dessert-r686954/reviews,Tsim Sha Tsui,2008,609,47422
b'Dodam Chicken (Lee Theatre Plaza)',/en/hongkong/r-dodam-chicken-causeway-bay-korean-korean-fried-chicken-r516304/reviews,Causeway Bay,1019,1583,72129
b'Aroy Khao Man Gai \xe9\x98\xbf\xe4\xbe\x86\xe6\xb3\xb0\xe5\xbc\x8f\xe5\x9c\xb0\xe9\x81\x93\xe9\xa2\xa8\xe5\x91\xb3',/en/hongkong/r-aroy-khao-man-gai-mong-kok-thai-r472513/reviews,Mong Kok,2010,1363,42184
b'AnyMomentCaf\xc3\xa9',/en/hongkong/r-anymomentcafe-mong-kok-western-r16277/reviews,Mong Kok,2010,642,6238
b'KUROMON AQUATIC JAPANESE RESTAURANT (Minden Avenue) \xe9\xbb\x91\xe9\x96\x80\xe6\xb0\xb4\xe7\x94\xa2\xe3\x81\x99\xe3\x81\x84\xe3\x81\x95\xe3\x82\x93 (Minden Avenue)',/en/hongkong/r-kuromon-aquatic-japanese-restaurant-tsim-sha-tsui-japanese-seafood-r589167/reviews,Tsim Sha Tsui,2008,1105,44910
b'Double Cafe \xe5\xad\x96\xe5\x95\xa1',/en/hongkong/r-double-cafe-mong-kok-western-dessert-r23308/reviews,Mong Kok,2010,1294,79441
b'\xe4\xb8\x80\xe7\x94\x9f\xe6\x87\xb8\xe9\xba\xb5',/en/hongkong/r-%E4%B8%80%E7%94%9F%E6%87%B8%E9%BA%B5-mong-kok-japanese-ramen-r599307/reviews,Mong Kok,2010,684,35333
b'Odelice! (The ONE)',/en/hongkong/r-odelice-tsim-sha-tsui-western-r564474/reviews,Tsim Sha Tsui,2008,1121,64007
b'Bakehouse',/en/hongkong/r-bakehouse-wan-chai-western-bakery-r558300/reviews,Wan Chai,1022,1011,69252
b'Beauty in The Pot (Gala Place) \xe7\xbe\x8e\xe6\xbb\x8b\xe9\x8d\x8b (Gala Place)',/en/hongkong/r-beauty-in-the-pot-mong-kok-hong-kong-style-hot-pot-r618904/reviews,Mong Kok,2010,1042,51322
b'MAZU \xe9\xa6\xac\xe7\xa5\x96\xe7\x84\xa1\xe9\x99\x90\xe6\x99\x82\xe5\x8f\xb0\xe7\x81\xa3\xe9\xa4\x8a\xe7\x94\x9f\xe6\xb6\xae\xe6\xb6\xae\xe9\x8d\x8b',/en/hongkong/r-mazu-mong-kok-taiwan-hot-pot-r724739/reviews,Mong Kok,2010,630,30354
b'Yat Tung Heen \xe9\x80\xb8\xe6\x9d\xb1\xe8\xbb\x92',/en/hongkong/r-yat-tung-heen-jordan-guangdong-seafood-r4112/reviews,Jordan,2028,662,43785
b'Anping Grill \xe5\xae\x89\xe5\xb9\xb3\xe7\x87\x92\xe8\x82\x89',/en/hongkong/r-anping-grill-tsuen-wan-taiwan-roast-meat-r697864/reviews,Tsuen Wan,3018,599,28612
b'Acquasala',/en/hongkong/r-acquasala-central-international-wine-r637303/reviews,Central,1003,462,29828
b'Tasty Hotpot Palace (Golden Glory Mansion) \xe9\xa6\x99\xe9\xa6\x99\xe5\xae\xae\xe7\x85\xae (Golden Glory Mansion)',/en/hongkong/r-tasty-hotpot-palace-tsim-sha-tsui-hong-kong-style-hot-pot-r643240/reviews,Tsim Sha Tsui,2008,682,33362
b'No Money So Lonely',/en/hongkong/r-no-money-so-lonely-mong-kok-western-seafood-r692515/reviews,Mong Kok,2010,718,35204
b'Minibangkok Thai Food Station \xe5\xb0\x8f\xe6\x9b\xbc\xe8\xb0\xb7\xe6\xb3\xb0\xe5\x9c\x8b\xe7\xbe\x8e\xe9\xa3\x9f\xe7\xab\x99',/en/hongkong/r-minibangkok-thai-food-station-causeway-bay-thai-r625566/reviews,Causeway Bay,1019,933,25529
b'Big Boils Club \xe6\xbb\xbe\xe5\xbe\x97\xe5\x9b\x8d\xe5\xae\xae\xe5\xbb\xb7\xe7\x81\xab\xe9\x8d\x8b\xe5\xb0\x8f\xe7\x82\x92',/en/hongkong/r-big-boils-club-north-point-hong-kong-style-hot-pot-r532130/reviews,North Point,1004,1012,28920
b'Sawadee Thai \xe6\xb3\xb0\xe5\xb1\x8b',/en/hongkong/r-sawadee-thai-mong-kok-thai-seafood-r505420/reviews,Mong Kok,2010,909,27393
b'Layback Cafe & Bar',/en/hongkong/r-layback-cafe-bar-causeway-bay-western-all-day-breakfast-r713768/reviews,Causeway Bay,1019,521,31395
b'Nara Thai Cuisine (New Town Plaza Phase I)',/en/hongkong/r-nara-thai-cuisine-sha-tin-thai-r567535/reviews,Sha Tin,3007,969,33429
b'KOKON2 (Citywalk) \xe5\x8f\xa4\xe4\xbb\x8a\xe4\xba\x8c (Citywalk)',/en/hongkong/r-kokon2-tsuen-wan-japanese-sushi-sashimi-r746903/reviews,Tsuen Wan,3018,588,4706
b'City of Darkness \xe5\x8f\x81\xe4\xb8\x8d\xe9\xa4\xa8',/en/hongkong/r-city-of-darkness-tin-hau-hong-kong-style-hot-pot-r742214/reviews,Tin Hau,1026,492,9325
"b'Say, I love you \xe5\xb0\xb1\xe6\x98\xaf\xe5\x81\x8f\xe5\x81\x8f\xe5\x96\x9c\xe6\xad\xa1\xe4\xbd\xa0'",/en/hongkong/r-say-i-love-you-causeway-bay-international-dessert-r733175/reviews,Causeway Bay,1019,620,13735
b'Uni.kotomo \xe6\xb5\xb7\xe8\x86\xbd\xe4\xbb\x94',/en/hongkong/r-uni-kotomo-san-po-kong-japanese-ramen-r685702/reviews,San Po Kong,2022,914,12065
b'Chatterbox Caf\xc3\xa9 (K11 Musea)',/en/hongkong/r-chatterbox-cafe-tsim-sha-tsui-singaporean-r642510/reviews,Tsim Sha Tsui,2008,697,18791
b'Kobekyu (Nathan Road) \xe5\x90\x89\xe5\x88\x97\xe7\x89\x9b\xe5\xbf\x8c\xe5\xbb\x89\xe7\x83\x8f\xe5\x86\xac\xe5\xb0\x88\xe9\x96\x80\xe5\xba\x97 (Nathan Road)',/en/hongkong/r-kobekyu-mong-kok-japanese-udon-r525996/reviews,Mong Kok,2010,1270,57999
b'Tora Tetsu Teppan Yaki \xe8\x99\x8e\xe9\x90\xb5\xe9\x90\xb5\xe6\x9d\xbf\xe7\x87\x92',/en/hongkong/r-tora-tetsu-teppan-yaki-causeway-bay-japanese-teppanyaki-r629591/reviews,Causeway Bay,1019,695,26311
b'Mini Bangkok Thai Food (Nam Kok Road) \xe5\xb0\x8f\xe6\x9b\xbc\xe8\xb0\xb7\xe6\xb3\xb0\xe5\x9c\x8b\xe7\xbe\x8e\xe9\xa3\x9f (Nam Kok Road)',/en/hongkong/r-mini-bangkok-thai-food-kowloon-city-thai-r161483/reviews,Kowloon City,2001,536,11156
b'NAM VIET NAM CAF\xc3\x89 \xe5\x8d\x97\xe8\xb6\x8a\xe5\x8d\x97\xe5\x92\x96\xe5\x95\xa1\xe5\xbb\xb3',/en/hongkong/r-nam-viet-nam-cafe-mong-kok-vietnamese-r690913/reviews,Mong Kok,2010,900,33947
b'Childhood Japanese Restaurant \xe7\xa8\x9a',/en/hongkong/r-childhood-japanese-restaurant-yuen-long-japanese-r506299/reviews,Yuen Long,3003,702,18593
b'Mini Bangkok Seafood and Grill \xe5\xb0\x8f\xe6\x9b\xbc\xe8\xb0\xb7\xe6\xb5\xb7\xe9\xae\xae\xe7\x87\x92\xe7\x83\xa4\xe5\xb1\x8b',/en/hongkong/r-mini-bangkok-seafood-and-grill-kowloon-city-thai-seafood-r125202/reviews,Kowloon City,2001,1084,32104
b'Hungry Monkey (Soundwill Plaza II - Midtown)',/en/hongkong/r-hungry-monkey-causeway-bay-japanese-teppanyaki-r673614/reviews,Causeway Bay,1019,607,24915
b'Toriyamana \xe9\xb3\xa5\xe5\xb1\xb1\xe5\x90\x8d',/en/hongkong/r-toriyamana-tsuen-wan-japanese-ramen-r463244/reviews,Tsuen Wan,3018,704,10678
b'CHEF STAGE de Eddy Chu',/en/hongkong/r-chef-stage-de-eddy-chu-tsim-sha-tsui-western-wine-r434117/reviews,Tsim Sha Tsui,2008,1345,69142
b'URBAN Cafe (Nathan Road)',/en/hongkong/r-urban-cafe-mong-kok-international-dessert-r584126/reviews,Mong Kok,2010,1428,46558
b'Little Fresh Cafe & Bar',/en/hongkong/r-little-fresh-cafe-bar-mong-kok-international-r604241/reviews,Mong Kok,2010,586,22064
b'\xe9\x87\x8e\xe5\xb7\x9d\xe6\x8b\x89\xe9\xba\xb5\xe3\x81\xae\xe6\xb7\xb1\xe7\x87\x92\xe9\xa3\x9f\xe5\xa0\x82',/en/hongkong/r-%E9%87%8E%E5%B7%9D%E6%8B%89%E9%BA%B5%E3%81%AE%E6%B7%B1%E7%87%92%E9%A3%9F%E5%A0%82-yuen-long-japanese-ramen-r526693/reviews,Yuen Long,3003,762,11069
b'Caf\xc3\xa9 Cr\xc3\xaape (Wellington Street)',/en/hongkong/r-cafe-crepe-central-international-pizza-r544113/reviews,Central,1003,689,20732
b'\xe6\x96\xb0\xe8\x82\xa5\xe6\xb3\x89\xe6\xb5\xb7\xe9\xae\xae\xe5\xa4\xa7\xe6\x8e\x92\xe6\xaa\x94',/en/hongkong/r-%E6%96%B0%E8%82%A5%E6%B3%89%E6%B5%B7%E9%AE%AE%E5%A4%A7%E6%8E%92%E6%AA%94-jordan-hong-kong-style-seafood-r567125/reviews,Jordan,2028,812,9972
b'KOKON2 (KOLOUR \xe2\x80\xa2 Tsuen Wan I) \xe5\x8f\xa4\xe4\xbb\x8a\xe4\xba\x8c (KOLOUR \xe2\x80\xa2 Tsuen Wan I)',/en/hongkong/r-kokon2-tsuen-wan-japanese-sushi-sashimi-r683350/reviews,Tsuen Wan,3018,769,13989
b'\xe5\xb7\x9d\xe6\xbb\xbf\xe5\xb1\x85 (Kyoto Plaza)',/en/hongkong/r-%E5%B7%9D%E6%BB%BF%E5%B1%85-causeway-bay-jingchuanhu-r725961/reviews,Causeway Bay,1019,745,19087
b'\xe8\x80\x81\xe5\x8e\x9d\xe9\x82\x8a',/en/hongkong/r-%E8%80%81%E5%8E%9D%E9%82%8A-tai-kok-tsui-taiwan-r652605/reviews,Tai Kok Tsui,2005,646,16353
b'DONYIN DINER \xe4\xb8\xbc\xe7\x87\x83\xe9\xa3\x9f\xe5\xa0\x82',/en/hongkong/r-donyin-diner-mong-kok-japanese-sushi-sashimi-r722601/reviews,Mong Kok,2010,539,20042
b'Lantern Seafood Restaurant \xe7\xa5\x9e\xe7\x87\x88\xe6\xb5\xb7\xe9\xae\xae\xe9\x85\x92\xe5\xae\xb6',/en/hongkong/r-lantern-seafood-restaurant-jordan-guangdong-r658573/reviews,Jordan,2028,670,27093
b'TONO DAIKIYA \xe6\xae\xbf \xe5\xa4\xa7\xe5\x96\x9c\xe5\xb1\x8b',/en/hongkong/r-tono-daikiya-tsim-sha-tsui-japanese-all-you-can-eat-r464818/reviews,Tsim Sha Tsui,2008,1313,102811
b'Marble Noodle \xe5\xad\x96\xe5\xaf\xb6\xe8\xbb\x8a\xe4\xbb\x94\xe9\xba\xb5',/en/hongkong/r-marble-noodle-kwai-fong-hong-kong-style-food-stall-noodles-r18402/reviews,Kwai Fong,3015,735,6069
b'\xe8\xb1\x90\xe4\xbf\xa1\xe9\xa4\x83\xe5\xad\x90\xe5\xba\x97',/en/hongkong/r-%E8%B1%90%E4%BF%A1%E9%A4%83%E5%AD%90%E5%BA%97-prince-edward-hong-kong-style-wonton-dumpling-r613464/reviews,Prince Edward,2029,817,36358
b'Burgeroom (Fashion Walk)',/en/hongkong/r-burgeroom-causeway-bay-american-hamburger-r189507/reviews,Causeway Bay,1019,1756,55892
b'Verde MAR',/en/hongkong/r-verde-mar-western-district-western-seafood-r701396/reviews,Western District,1008,476,15151
b'Hunky Dory',/en/hongkong/r-hunky-dory-sha-tin-international-all-day-breakfast-r679559/reviews,Sha Tin,3007,590,9483
b'Not Just Coffee (Man Hoo Court) \xe4\xb8\x8d\xe7\xb1\xbd\xe6\x98\xaf\xe5\x92\x96\xe5\x95\xa1 (Man Hoo Court)',/en/hongkong/r-not-just-coffee-yau-ma-tei-western-r677794/reviews,Yau Ma Tei,2011,610,34560
b'JEJU BULGOGI \xe6\xbf\x9f\xe5\xb7\x9e\xe7\x87\x92\xe8\x82\x89\xe9\xa3\x9f\xe5\xa0\x82',/en/hongkong/r-jeju-bulgogi-north-point-korean-korean-bbq-r657946/reviews,North Point,1004,645,37480
b'How Awesome \xe5\xb7\xa7\xe5\xbe\x97\xe9\x8d\x8b',/en/hongkong/r-how-awesome-kwun-tong-hong-kong-style-chicken-hot-pot-r525912/reviews,Kwun Tong,2026,622,20996
b'Pancake Senmon Pancake \xe5\xb0\x88\xe9\x96\x80',/en/hongkong/r-pancake-senmon-causeway-bay-japanese-dessert-r754077/reviews,Causeway Bay,1019,579,12019
b'Espresso Alchemy',/en/hongkong/r-espresso-alchemy-tsuen-wan-western-salad-r652563/reviews,Tsuen Wan,3018,563,11426
b'Thai Tuk Tuk \xe6\xb3\xb0\xe5\x98\x9f\xe5\x98\x9f',/en/hongkong/r-thai-tuk-tuk-tai-kok-tsui-thai-r669905/reviews,Tai Kok Tsui,2005,590,16475
b'\xe5\xae\xb6\xe5\xbe\x8c',/en/hongkong/r-%E5%AE%B6%E5%BE%8C-sham-shui-po-hong-kong-style-noodles-rice-noodles-r605428/reviews,Sham Shui Po,2019,632,37304
"b""Chef's Stage Kitchen (Sai Ching Street)""",/en/hongkong/r-chefs-stage-kitchen-yuen-long-western-hamburger-r451140/reviews,Yuen Long,3003,737,29032
b'Chachago \xe8\x8c\xb6\xe8\x8c\xb6Go',/en/hongkong/r-chachago-mong-kok-taiwan-taiwanese-drink-r728437/reviews,Mong Kok,2010,479,3181
b'The Musicbox Grill House & Bar',/en/hongkong/r-the-musicbox-grill-house-bar-causeway-bay-western-bbq-r696726/reviews,Causeway Bay,1019,957,25279
b'Kobekyu (Bartlock Centre) \xe5\x90\x89\xe5\x88\x97\xe7\x89\x9b\xe5\xbf\x8c\xe5\xbb\x89\xe7\x83\x8f\xe5\x86\xac\xe5\xb0\x88\xe9\x96\x80\xe5\xba\x97 (Bartlock Centre)',/en/hongkong/r-kobekyu-causeway-bay-japanese-ramen-r555833/reviews,Causeway Bay,1019,1288,45846
b'Tian Tian Hainanese Chicken Rice (ELEMENTS) \xe5\xa4\xa9\xe5\xa4\xa9\xe6\xb5\xb7\xe5\x8d\x97\xe9\x9b\x9e\xe9\xa3\xaf (ELEMENTS)',/en/hongkong/r-tian-tian-hainanese-chicken-rice-tsim-sha-tsui-singaporean-r594973/reviews,Tsim Sha Tsui,2008,647,11453
b'Victorian Era (Pak Shing Building) \xe9\xa6\x99\xe6\xb1\x9f\xe8\x8a\xb1\xe6\x9c\x88 (Pak Shing Building)',/en/hongkong/r-victorian-era-jordan-hong-kong-style-hot-pot-r700897/reviews,Jordan,2028,466,36968
b'Nagasakayaki \xe9\x95\xb7\xe9\x98\xaa\xe7\x87\x92',/en/hongkong/r-nagasakayaki-mong-kok-japanese-robatayaki-r553329/reviews,Mong Kok,2010,932,38295
"b""Big Boil's Club \xe5\xa4\xa7\xe6\xbb\xbe\xe5\x8f\x8b\xe7\x81\xab\xe9\x8d\x8b""",/en/hongkong/r-big-boils-club-yuen-long-hong-kong-style-hot-pot-r557864/reviews,Yuen Long,3003,672,19177
b'\xe5\x8f\x8b\xe6\x8b\x89\xe9\xba\xb5',/en/hongkong/r-%E5%8F%8B%E6%8B%89%E9%BA%B5-tsuen-wan-japanese-ramen-r695040/reviews,Tsuen Wan,3018,467,7090
b'Sing La \xe6\x98\x9f\xe6\x80\xa1',/en/hongkong/r-sing-la-tsim-sha-tsui-singaporean-r739779/reviews,Tsim Sha Tsui,2008,442,8841
b'Choubo Kissaten \xe5\x96\xab\xe8\x8c\xb6\xe3\x81\xa1\xe3\x82\x87\xe3\x81\x86\xe3\x81\xbc',/en/hongkong/r-choubo-kissaten-tai-po-western-cake-r721829/reviews,Tai Po,3002,586,11946
b'\xe6\xb2\x99\xe7\x94\xb0\xe6\x96\xb0\xe5\xbc\xb7\xe8\xa8\x98\xe7\x87\x92\xe9\xb5\x9d\xe6\xb5\xb7\xe9\xae\xae\xe9\x85\x92\xe5\xae\xb6',/en/hongkong/r-%E6%B2%99%E7%94%B0%E6%96%B0%E5%BC%B7%E8%A8%98%E7%87%92%E9%B5%9D%E6%B5%B7%E9%AE%AE%E9%85%92%E5%AE%B6-tai-wai-guangdong-dim-sum-r692501/reviews,Tai Wai,3012,460,5499
b'MOBIN',/en/hongkong/r-mobin-mong-kok-international-all-day-breakfast-r729817/reviews,Mong Kok,2010,346,10894
b'L\xc3\xbaa',/en/hongkong/r-lua-causeway-bay-vietnamese-wine-r744490/reviews,Causeway Bay,1019,639,25201
b'Chill and Grill',/en/hongkong/r-chill-and-grill-western-district-western-all-day-breakfast-r679440/reviews,Western District,1008,552,27176
b'Mikazuki \xe4\xb8\x89\xe6\x97\xa5\xe6\x9c\x88',/en/hongkong/r-mikazuki-tsim-sha-tsui-japanese-omakase-r707704/reviews,Tsim Sha Tsui,2008,774,19235
b'Kani Kei \xe8\x9f\xb9\xe6\x85\xb6',/en/hongkong/r-kani-kei-causeway-bay-japanese-seafood-r551044/reviews,Causeway Bay,1019,664,27946
b'Bingo & Cook',/en/hongkong/r-bingo-cook-causeway-bay-korean-korean-fried-chicken-r465359/reviews,Causeway Bay,1019,1674,65041
b'Chicago (Tai Wo Centre) \xe8\x8a\x9d\xe5\x8a\xa0\xe5\x93\xa5\xe4\xb8\xb2\xe7\x87\x92\xe9\x85\x92\xe5\xa0\xb4 (Tai Wo Centre)',/en/hongkong/r-chicago-tai-wo-international-wine-r630995/reviews,Tai Wo,3014,721,10295
b'Running Chicken (The Lamma City) \xe7\xb1\xb3\xe8\xb5\xb0\xe9\x9b\x9e (The Lamma City)',/en/hongkong/r-running-chicken-mong-kok-hong-kong-style-chicken-hot-pot-r476804/reviews,Mong Kok,2010,1092,48666
b'Thai Chang House \xe6\xb3\xb0\xe8\xb1\xa1\xe9\xa4\xa8',/en/hongkong/r-thai-chang-house-kowloon-city-thai-curry-r190106/reviews,Kowloon City,2001,822,21921
b'Toretore Hamayaki \xe6\xbc\x81\xe7\x8d\xb2\xe6\xb5\x9c\xe7\x87\x92',/en/hongkong/r-toretore-hamayaki-causeway-bay-japanese-seafood-r454887/reviews,Causeway Bay,1019,1192,50278
b'BaliTown \xe5\xb3\x87\xe9\x87\x8c\xe5\xa0\x82',/en/hongkong/r-balitown-tsim-sha-tsui-indonesian-r686968/reviews,Tsim Sha Tsui,2008,475,30392
b'GoodDay BadDay MamaDay',/en/hongkong/r-goodday-badday-mamaday-tsim-sha-tsui-international-all-day-breakfast-r747698/reviews,Tsim Sha Tsui,2008,1094,37752
b'ITSUM\xc3\x89I \xe7\x87\x9a',/en/hongkong/r-itsumei-tai-po-japanese-robatayaki-r757985/reviews,Tai Po,3002,435,6556
b'Pandan Leaf Indonesian Restaurant \xe7\x8f\xad\xe8\x98\xad\xe8\x91\x89\xe5\x8d\xb0\xe5\xb0\xbc\xe9\xa4\x90\xe5\xbb\xb3',/en/hongkong/r-pandan-leaf-indonesian-restaurant-causeway-bay-indonesian-noodles-rice-noodles-r553546/reviews,Causeway Bay,1019,639,20881
b'Wenger Noodle (328 Plaza) \xe9\x9b\xb2\xe5\xae\xb6\xe5\xb0\x8f\xe9\x8d\x8b\xe7\xb1\xb3\xe7\xb7\x9a (328 Plaza)',/en/hongkong/r-wenger-noodle-tsuen-wan-yunnan-noodles-rice-noodles-r510347/reviews,Tsuen Wan,3018,661,26845
b'Gyu Sou Ichuya \xe7\x89\x9b\xe6\x83\xa3\xe5\xb1\x85\xe9\x85\x8e\xe5\xb1\x8b',/en/hongkong/r-gyu-sou-ichuya-causeway-bay-japanese-r624001/reviews,Causeway Bay,1019,653,20620
b'\xe8\x81\x9a\xe4\xbe\x86\xe8\xbb\x8a\xe4\xbb\x94\xe9\xba\xb5',/en/hongkong/r-%E8%81%9A%E4%BE%86%E8%BB%8A%E4%BB%94%E9%BA%B5-sham-shui-po-hong-kong-style-food-stall-noodles-r697451/reviews,Sham Shui Po,2019,403,6994
b'Master Beef (King Wah Centre) \xe7\x89\x9b\xe5\xa4\xa7\xe4\xba\xba\xe5\x8f\xb0\xe7\x81\xa3\xe7\x81\xab\xe9\x8d\x8b\xe5\x90\x83\xe5\x88\xb0\xe9\xa3\xbd (King Wah Centre)',/en/hongkong/r-master-beef-mong-kok-taiwan-all-you-can-eat-r645681/reviews,Mong Kok,2010,735,63693
b'Deluxe Daikiya Japanese Restaurant (Causeway Bay Plaza 1) \xe6\xa5\xb5\xe5\xb0\x9a\xe5\xa4\xa7\xe5\x96\x9c\xe5\xb1\x8b (Causeway Bay Plaza 1)',/en/hongkong/r-deluxe-daikiya-japanese-restaurant-causeway-bay-japanese-all-you-can-eat-r541150/reviews,Causeway Bay,1019,975,50353
b'Taiwai Dining Room \xe5\xa4\xa7\xe5\x9c\x8d\xe5\xb0\x8f\xe9\xa4\xa8',/en/hongkong/r-taiwai-dining-room-tai-wai-hong-kong-style-r598137/reviews,Tai Wai,3012,539,34132
b'Odelice! (Landale Street)',/en/hongkong/r-odelice-wan-chai-western-r160508/reviews,Wan Chai,1022,992,48953
b'Sushi Itsu \xe9\xae\xa8\xe9\x80\xb8',/en/hongkong/r-sushi-itsu-causeway-bay-japanese-omakase-r690202/reviews,Causeway Bay,1019,506,17027
b'Kopitiam Makan Makan \xe9\xba\xa5\xe9\x87\x91.\xe9\xba\xa5\xe9\x87\x91\xe9\xa6\xac\xe4\xbe\x86\xe8\xa5\xbf\xe4\xba\x9e\xe7\x89\xb9\xe5\xbc\x8f\xe8\x8c\xb6\xe5\x95\xa1\xe5\xae\xa4',/en/hongkong/r-kopitiam-makan-makan-tai-kok-tsui-malaysian-noodles-rice-noodles-r581955/reviews,Tai Kok Tsui,2005,663,13083
b'Paradise Dynasty (Lee Theatre Plaza) \xe6\xa8\x82\xe5\xa4\xa9\xe7\x9a\x87\xe6\x9c\x9d (Lee Theatre Plaza)',/en/hongkong/r-paradise-dynasty-causeway-bay-guangdong-chinese-buns-r170063/reviews,Causeway Bay,1019,1211,36944
b'811 Sichuan Cuisine (Nelson Street) \xe6\x8d\x8c\xe5\xa3\xb9\xe5\xa3\xb9 (Nelson Street)',/en/hongkong/r-811-sichuan-cuisine-mong-kok-sichuan-chicken-hot-pot-r584555/reviews,Mong Kok,2010,876,34084
b'Mokumoku Yakiton (Circle Plaza)',/en/hongkong/r-mokumoku-yakiton-causeway-bay-japanese-skewer-r575752/reviews,Causeway Bay,1019,731,23721
b'Green Waffle Diner (Hysan Place)',/en/hongkong/r-green-waffle-diner-causeway-bay-western-dessert-r514588/reviews,Causeway Bay,1019,952,33986
b'ChorLand Cookfood Stall \xe6\xa5\x9a\xe6\x92\x9a\xe8\xa8\x98\xe5\xa4\xa7\xe6\x8e\x92\xe6\xaa\x94',/en/hongkong/r-chorland-cookfood-stall-tsuen-wan-guangdong-r680361/reviews,Tsuen Wan,3018,417,34889
b'The Pantry & Chips Republic',/en/hongkong/r-the-pantry-chips-republic-mong-kok-western-salad-r654237/reviews,Mong Kok,2010,583,24382
b'Flames (Hung To Road)',/en/hongkong/r-flames-kwun-tong-international-r720131/reviews,Kwun Tong,2026,642,23628
b'Chiba (Kiu Kin Building) \xe5\x90\x83\xe5\x90\xa7 (Kiu Kin Building)',/en/hongkong/r-chiba-mong-kok-western-wine-r492212/reviews,Mong Kok,2010,988,37081
b'Shahrazad Lebanese Dining Lounge & Bar',/en/hongkong/r-shahrazad-lebanese-dining-lounge-bar-central-middle-eastern-r624085/reviews,Central,1003,635,60412
b'Wing Gor Kitchen \xe6\xa6\xae\xe5\x93\xa5\xe5\xbb\x9a\xe6\x88\xbf\xe7\xa7\x81\xe6\x88\xbf\xe8\x8f\x9c',/en/hongkong/r-wing-gor-kitchen-kwun-tong-guangdong-r510459/reviews,Kwun Tong,2026,763,20583
b'Hotpot Foodie \xe7\x82\xba\xe9\xa3\x9f\xe7\x81\xab\xe9\x8d\x8b\xe5\x85\xac\xe5\x8f\xb8',/en/hongkong/r-hotpot-foodie-kwun-tong-international-hot-pot-r706853/reviews,Kwun Tong,2026,563,15333
b'Cambo \xe0\xb8\x82\xe0\xb8\xb8\xe0\xb8\x99\xe0\xb8\x97\xe0\xb8\xad\xe0\xb8\x87 (The ONE)',/en/hongkong/r-cambo-%E0%B8%82%E0%B8%B8%E0%B8%99%E0%B8%97%E0%B8%AD%E0%B8%87-tsim-sha-tsui-thai-r47405/reviews,Tsim Sha Tsui,2008,1406,65680
b'Casamigos',/en/hongkong/r-casamigos-causeway-bay-western-wine-r720714/reviews,Causeway Bay,1019,378,24640
b'Bayfare Social',/en/hongkong/r-bayfare-social-tsim-sha-tsui-western-seafood-r652752/reviews,Tsim Sha Tsui,2008,353,43271
b'\xeb\xb0\x98\xec\xb0\xac\xec\x95\xa4\xec\xbf\xa1 Banchan and Cook (\xe6\x99\x82\xe4\xbb\xa3\xe5\xbb\xa3\xe5\xa0\xb4)',/en/hongkong/r-banchan-and-cook-causeway-bay-korean-r643205/reviews,Causeway Bay,1019,667,39083
b'Lemna of the alchemist \xe7\x89\xa7\xe7\xbe\x8a\xe5\xb0\x91\xe5\xb9\xb4\xe8\x88\x87\xe4\xbb\x96\xe7\x9a\x84\xe6\xb5\xae\xe8\x90\x8d',/en/hongkong/r-lemna-of-the-alchemist-tsim-sha-tsui-western-all-day-breakfast-r758274/reviews,Tsim Sha Tsui,2008,472,17913
b'Wulu Restaurant \xe9\x86\x89\xe8\x83\xa1\xe7\x88\x90',/en/hongkong/r-wulu-restaurant-tsim-sha-tsui-hong-kong-style-hot-pot-r527565/reviews,Tsim Sha Tsui,2008,1065,38222
b'MeokBang Korean BBQ & BAR (King Wah Centre) \xe7\x82\x91\xe5\x85\xab\xe9\x9f\x93\xe7\x83\xa4 (King Wah Centre)',/en/hongkong/r-meokbang-korean-bbq-bar-mong-kok-korean-korean-bbq-r447829/reviews,Mong Kok,2010,729,32124
b'Sushi Tokumi \xe5\xbe\xb7\xe7\xbe\x8e\xe5\xa3\xbd\xe5\x8f\xb8',/en/hongkong/r-sushi-tokumi-tsim-sha-tsui-japanese-sushi-sashimi-r68215/reviews,Tsim Sha Tsui,2008,870,32095
b'Auntie Sweet (Yiu Wa Street) \xe7\x94\x9c\xe5\xa7\xa8\xe5\xa7\xa8 (Yiu Wa Street)',/en/hongkong/r-auntie-sweet-causeway-bay-hong-kong-style-dessert-r686243/reviews,Causeway Bay,1019,595,17165
b'Bubble Tree (Shing Yip Industrial Building)',/en/hongkong/r-bubble-tree-kwun-tong-international-sandwich-r649052/reviews,Kwun Tong,2026,533,21724
b'Amplifier Restaurant (Fa Yuen Street)',/en/hongkong/r-amplifier-restaurant-mong-kok-western-wine-r615248/reviews,Mong Kok,2010,696,24778
b'Four Bites 4\xe5\x8f\xa3',/en/hongkong/r-four-bites-central-fujian-r682310/reviews,Central,1003,406,7012
b'Library Restaurant and Bar',/en/hongkong/r-library-restaurant-and-bar-tsim-sha-tsui-western-r739399/reviews,Tsim Sha Tsui,2008,427,31089
b'La Serre',/en/hongkong/r-la-serre-kwun-tong-western-r547426/reviews,Kwun Tong,2026,587,18403
b'Dirty Skillet',/en/hongkong/r-dirty-skillet-shau-kei-wan-international-pizza-r708394/reviews,Shau Kei Wan,1018,520,14018
b'Seorae \xe5\x96\x9c\xe4\xbe\x86\xe7\xa8\x80\xe8\x82\x89',/en/hongkong/r-seorae-tsim-sha-tsui-korean-roast-meat-r156733/reviews,Tsim Sha Tsui,2008,913,36249
b'The Salted Pig (New Town Plaza Phase I)',/en/hongkong/r-the-salted-pig-sha-tin-western-vegetarian-r578455/reviews,Sha Tin,3007,570,19327
b'Mu Taiwan Noodles (Soy Street) \xe9\x98\xbf\xe6\x9c\xa8\xe5\x8f\xb0\xe7\x81\xa3\xe9\xba\xb5 (Soy Street)',/en/hongkong/r-mu-taiwan-noodles-mong-kok-taiwan-noodles-rice-noodles-r686236/reviews,Mong Kok,2010,534,21302
b'Bongchu Jjimdak \xe9\xb3\xb3\xe9\x9b\x9b\xe7\x87\x89\xe9\x9b\x9e',/en/hongkong/r-bongchu-jjimdak-mong-kok-korean-r514080/reviews,Mong Kok,2010,778,32180
b'Contrast',/en/hongkong/r-contrast-cheung-sha-wan-western-r671842/reviews,Cheung Sha Wan,2013,541,36815
"b""La Moo Moo' s Steak and Fries""",/en/hongkong/r-la-moo-moo-s-steak-and-fries-wan-chai-western-r665126/reviews,Wan Chai,1022,774,19952
b'Master Beef (Tai Hung Fai (Tsuen Wan) Centre) \xe7\x89\x9b\xe5\xa4\xa7\xe4\xba\xba\xe5\x8f\xb0\xe7\x81\xa3\xe7\x81\xab\xe9\x8d\x8b\xe5\x90\x83\xe5\x88\xb0\xe9\xa3\xbd (Tai Hung Fai (Tsuen Wan) Centre)',/en/hongkong/r-master-beef-tsuen-wan-taiwan-all-you-can-eat-r657664/reviews,Tsuen Wan,3018,811,62635
"b""Comfy by Chef's Stage (E Plaza)""",/en/hongkong/r-comfy-by-chefs-stage-kwun-tong-western-all-day-breakfast-r700195/reviews,Kwun Tong,2026,474,16889
b'Paper Moon',/en/hongkong/r-paper-moon-tsim-sha-tsui-italian-pizza-r541791/reviews,Tsim Sha Tsui,2008,642,90644
b'KAGURA \xe7\x89\xa1\xe8\xa0\xa3\xe5\xb0\x8f\xe5\xb1\x8b',/en/hongkong/r-kagura-causeway-bay-japanese-r705881/reviews,Causeway Bay,1019,424,28031
b'Butlery',/en/hongkong/r-butlery-sha-tin-western-r763404/reviews,Sha Tin,3007,481,17604
b'am.pm (\xe8\xad\xbd\xe7\x99\xbc\xe5\xbb\xa3\xe5\xa0\xb4)',/en/hongkong/r-am-pm-yau-ma-tei-western-ice-cream-yogurt-r533678/reviews,Yau Ma Tei,2011,981,18204
b'TERA (Po Fat Building)',/en/hongkong/r-tera-jordan-western-dessert-r730111/reviews,Jordan,2028,441,19955
b'Kokoro Tokyo Mazesoba (Hennessy Road) \xe9\xba\xba\xe5\xb1\x8b\xe3\x81\x93\xe3\x81\x93\xe3\x82\x8d (Hennessy Road)',/en/hongkong/r-kokoro-tokyo-mazesoba-wan-chai-japanese-ramen-r729717/reviews,Wan Chai,1022,446,24527
b'Anjappar Chettinad Indian Restaurant',/en/hongkong/r-anjappar-chettinad-indian-restaurant-tsim-sha-tsui-indian-r570867/reviews,Tsim Sha Tsui,2008,612,20018
b'Ladies Street Sik Fan Co. \xe5\xa5\xb3\xe4\xba\xba\xe8\xa1\x97\xe9\xa3\x9f\xe9\xa3\xaf\xe5\x85\xac\xe5\x8f\xb8',/en/hongkong/r-ladies-street-sik-fan-co-mong-kok-hong-kong-style-r591730/reviews,Mong Kok,2010,798,49073
b'Relish',/en/hongkong/r-relish-kwun-tong-international-r690864/reviews,Kwun Tong,2026,452,38142
b'YAKINIKU KAKURA (Tower 535)',/en/hongkong/r-yakiniku-kakura-causeway-bay-japanese-roast-meat-r726073/reviews,Causeway Bay,1019,462,20813
b'HeSheEat (Causeway Place)',/en/hongkong/r-hesheeat-causeway-bay-western-all-day-breakfast-r193159/reviews,Causeway Bay,1019,1609,27881
